{"time/training": 8.103574991226196, "training/train_accuracy": 0.07969724386930466, "evaluation/target_100_eval_action_error": 272.875, "evaluation/target_100_overall_return_mean": 56.87530864197529, "evaluation/target_100_overall_return_std": 4.0678944903370615, "evaluation/target_100_length_mean": 100.0, "evaluation/target_100_length_std": 0.0, "evaluation/target_100_overall_accuracy_mean": 0.15250000000000002, "evaluation/target_100_eval_actions": [5, 5, 7, 1, 5, 6, 6, 7, 7, 7, 0, 0, 8, 9, 9, 5, 9, 1, 7, 3, 6, 8, 5, 1, 7, 2, 6, 0, 5, 7, 6, 5, 5, 1, 9, 9, 9, 7, 4, 5, 0, 1, 9, 1, 7, 9, 6, 7, 7, 7, 9, 5, 7, 8, 9, 8, 6, 9, 7, 5, 3, 6, 9, 9, 8, 9, 8, 7, 6, 5, 0, 7, 9, 0, 6, 1, 0, 2, 7, 9, 8, 9, 8, 9, 5, 9, 8, 7, 4, 2, 9, 7, 9, 5, 5, 8, 8, 2, 6, 0], "time/total": 17.047464847564697, "time/evaluation": 7.171292304992676, "training/train_loss_mean": 2.441723999977112, "training/train_loss_std": 0.08047887446466921, "training/action_error": 13.563813209533691, "_timestamp": 1700838702.184733, "_runtime": 15.905493021011353, "_step": 0, "_wandb": {"runtime": 29}}