{"time/training": 7.84304404258728, "training/train_accuracy": 0.3784168064594269, "evaluation/target_100_eval_action_error": 150.8625, "evaluation/target_100_overall_return_mean": 67.43888888888885, "evaluation/target_100_overall_return_std": 5.336930764042765, "evaluation/target_100_length_mean": 100.0, "evaluation/target_100_length_std": 0.0, "evaluation/target_100_overall_accuracy_mean": 0.25, "time/total": 601.6114401817322, "time/evaluation": 7.567581415176392, "training/train_loss_mean": 1.6169664943218232, "training/train_loss_std": 0.05848952088102045, "training/action_error": 3.861198902130127, "_timestamp": 1700840727.2942317, "_runtime": 600.4201905727386, "_step": 39, "_wandb": {"runtime": 599}}