{"time/training": 129.90948104858398, "evaluation/target_500_eval_action_error": NaN, "evaluation/target_500_overall_return_mean": 432.5, "evaluation/target_500_overall_return_std": 14.800337833982034, "evaluation/target_500_length_mean": 100.0, "evaluation/target_500_length_std": 0.0, "evaluation/target_350.0_eval_action_error": NaN, "evaluation/target_350.0_overall_return_mean": 434.15, "evaluation/target_350.0_overall_return_std": 17.28590466246994, "evaluation/target_350.0_length_mean": 100.0, "evaluation/target_350.0_length_std": 0.0, "time/total": 169.306410074234, "time/evaluation": 33.01783299446106, "training/train_loss_mean": 52.42597381591797, "training/train_loss_std": 2.5500388020218865, "training/action_error": 62.23152542114258, "_timestamp": 1702563181.1805253, "_runtime": 167.6134753227234, "_step": 0, "_wandb": {"runtime": 166}}