{"time/training": 23.598241329193115, "evaluation/target_500_overall_return_mean": 332.2, "evaluation/target_500_overall_return_std": 15.287576655572327, "evaluation/target_500_length_mean": 100.0, "evaluation/target_500_length_std": 0.0, "evaluation/target500_number_of_different_movies_predicted": 494, "evaluation/target_350.0_overall_return_mean": 332.9, "evaluation/target_350.0_overall_return_std": 10.071742649611336, "evaluation/target_350.0_length_mean": 100.0, "evaluation/target_350.0_length_std": 0.0, "evaluation/target350.0_number_of_different_movies_predicted": 514, "time/total": 126.3959629535675, "time/evaluation": 96.85259914398193, "training/train_loss_mean": 100.68671363830566, "training/train_loss_std": 4.752900261900458, "training/action_error": 100.12850189208984, "_timestamp": 1702567609.6714118, "_runtime": 124.75888276100159, "_step": 0, "_wandb": {"runtime": 124}}