{"time/training": 9.178439855575562, "training/train_accuracy": 0.23488673567771912, "evaluation/target_100_eval_action_error": 166.85, "evaluation/target_100_overall_return_mean": 65.88395061728392, "evaluation/target_100_overall_return_std": 6.560621371607143, "evaluation/target_100_length_mean": 100.0, "evaluation/target_100_length_std": 0.0, "evaluation/target_100_overall_accuracy_mean": 0.2635, "time/total": 35.766955852508545, "time/evaluation": 7.710941791534424, "training/train_loss_mean": 2.1100604939460754, "training/train_loss_std": 0.08407888937661209, "training/action_error": 5.1534223556518555, "_timestamp": 1700837419.4055939, "_runtime": 34.616968870162964, "_step": 1, "_wandb": {"runtime": 35}}