{"time/training": 604.2403290271759, "evaluation/target_500_eval_action_error": NaN, "evaluation/target_500_overall_return_mean": 424.05, "evaluation/target_500_overall_return_std": 16.234916076161284, "evaluation/target_500_length_mean": 100.0, "evaluation/target_500_length_std": 0.0, "evaluation/target_350.0_eval_action_error": NaN, "evaluation/target_350.0_overall_return_mean": 415.0, "evaluation/target_350.0_overall_return_std": 16.417977951014553, "evaluation/target_350.0_length_mean": 100.0, "evaluation/target_350.0_length_std": 0.0, "time/total": 644.7230620384216, "time/evaluation": 33.946996450424194, "training/train_loss_mean": 53.587378261566165, "training/train_loss_std": 2.4620029781277397, "training/action_error": 52.29087829589844, "_timestamp": 1702564114.0309408, "_runtime": 643.1425218582153, "_step": 0, "_wandb": {"runtime": 642}}