{"time/training": 179.98072147369385, "evaluation/target_500_overall_return_mean": 338.2, "evaluation/target_500_overall_return_std": 5.675385449465085, "evaluation/target_500_length_mean": 100.0, "evaluation/target_500_length_std": 0.0, "evaluation/target500_number_of_different_movies_predicted": 443, "evaluation/target_350.0_overall_return_mean": 345.65, "evaluation/target_350.0_overall_return_std": 7.314540313649245, "evaluation/target_350.0_length_mean": 100.0, "evaluation/target_350.0_length_std": 0.0, "evaluation/target350.0_number_of_different_movies_predicted": 432, "time/total": 245.8026647567749, "time/evaluation": 59.45782923698425, "training/train_loss_mean": 76.63264236068726, "training/train_loss_std": 4.7507179950395635, "training/action_error": 77.52970886230469, "_timestamp": 1703067900.7847526, "_runtime": 244.0521855354309, "_step": 0, "_wandb": {"runtime": 243}}