{"time/training": 49.40764570236206, "training/train_accuracy": 0.7977836728096008, "evaluation/target_100_eval_action_error": 178.4125, "evaluation/target_100_overall_return_mean": 64.86604938271603, "evaluation/target_100_overall_return_std": 5.872786789601382, "evaluation/target_100_length_mean": 100.0, "evaluation/target_100_length_std": 0.0, "evaluation/target_100_overall_accuracy_mean": 0.244, "time/total": 558.8730010986328, "time/evaluation": 6.992621898651123, "training/train_loss_mean": 0.5560515381097794, "training/train_loss_std": 0.03756154255595487, "training/action_error": 1.2707459926605225, "_timestamp": 1701210287.1851282, "_runtime": 557.525404214859, "_step": 9, "_wandb": {"runtime": 557}}