{"time/training": 58.060478925704956, "evaluation/target_500_eval_action_error": NaN, "evaluation/target_500_overall_return_mean": 428.2, "evaluation/target_500_overall_return_std": 20.256110189273755, "evaluation/target_500_length_mean": 100.0, "evaluation/target_500_length_std": 0.0, "evaluation/target_350.0_eval_action_error": NaN, "evaluation/target_350.0_overall_return_mean": 434.1, "evaluation/target_350.0_overall_return_std": 23.212927432790547, "evaluation/target_350.0_length_mean": 100.0, "evaluation/target_350.0_length_std": 0.0, "time/total": 97.36989617347717, "time/evaluation": 32.657066106796265, "training/train_loss_mean": 53.03839344024658, "training/train_loss_std": 2.8185252318174214, "training/action_error": 53.62278366088867, "_timestamp": 1702563428.3258402, "_runtime": 95.66703724861145, "_step": 0, "_wandb": {"runtime": 94}}