{"time/training": 0.7964696884155273, "training/train_accuracy": 0, "evaluation/target_100_eval_action_error": 254.2, "evaluation/target_100_overall_return_mean": 57.95308641975306, "evaluation/target_100_overall_return_std": 5.017982599359483, "evaluation/target_100_length_mean": 100.0, "evaluation/target_100_length_std": 0.0, "evaluation/target_100_overall_accuracy_mean": 0.175, "time/total": 88.84060478210449, "time/evaluation": 7.214012861251831, "training/train_loss_mean": 2.2271785497665406, "training/train_loss_std": 0.020105873680177744, "training/action_error": 8.395081520080566, "_timestamp": 1700837056.4489963, "_runtime": 87.62627029418945, "_step": 9, "_wandb": {"runtime": 87}}