{"time/training": 98.20476031303406, "evaluation/target_500_eval_action_error": NaN, "evaluation/target_500_overall_return_mean": 333.5, "evaluation/target_500_overall_return_std": 9.08845421400141, "evaluation/target_500_length_mean": 100.0, "evaluation/target_500_length_std": 0.0, "evaluation/target_350.0_eval_action_error": NaN, "evaluation/target_350.0_overall_return_mean": 338.75, "evaluation/target_350.0_overall_return_std": 9.378832549949914, "evaluation/target_350.0_length_mean": 100.0, "evaluation/target_350.0_length_std": 0.0, "time/total": 237.35920572280884, "time/evaluation": 132.89127945899963, "training/train_loss_mean": 114.6239714050293, "training/train_loss_std": 9.808697002309378, "training/action_error": 107.93348693847656, "_timestamp": 1702561035.737949, "_runtime": 235.76753497123718, "_step": 0, "_wandb": {"runtime": 235}}