{"time/training": 38.2339301109314, "evaluation/target_500_overall_return_mean": 330.55, "evaluation/target_500_overall_return_std": 16.330110226204845, "evaluation/target_500_length_mean": 100.0, "evaluation/target_500_length_std": 0.0, "evaluation/target500_number_of_different_movies_predicted": 487, "evaluation/target_350.0_overall_return_mean": 330.3, "evaluation/target_350.0_overall_return_std": 12.967652061957862, "evaluation/target_350.0_length_mean": 100.0, "evaluation/target_350.0_length_std": 0.0, "evaluation/target350.0_number_of_different_movies_predicted": 463, "time/total": 2107.6463985443115, "time/evaluation": 194.99264407157898, "training/train_loss_mean": 280.58398147583006, "training/train_loss_std": 16.195575707582176, "training/action_error": 274.5120544433594, "_timestamp": 1703072805.6508622, "_runtime": 2105.8647150993347, "_step": 9, "_wandb": {"runtime": 2105}}