{"time/training": 0.7732162475585938, "training/train_accuracy": 0.1660289466381073, "evaluation/target_100_eval_action_error": 319.75, "evaluation/target_100_overall_return_mean": 53.03456790123454, "evaluation/target_100_overall_return_std": 2.993743412345242, "evaluation/target_100_length_mean": 100.0, "evaluation/target_100_length_std": 0.0, "evaluation/target_100_overall_accuracy_mean": 0.13999999999999999, "time/total": 88.67797112464905, "time/evaluation": 8.398527383804321, "training/train_loss_mean": 2.210744309425354, "training/train_loss_std": 0.03181231878487161, "training/action_error": 8.729528427124023, "_timestamp": 1700837323.0330975, "_runtime": 87.4647696018219, "_step": 9, "_wandb": {"runtime": 86}}