{"time/training": 57.3178129196167, "evaluation/target_500_overall_return_mean": 442.4, "evaluation/target_500_overall_return_std": 35.912950310438156, "evaluation/target_500_length_mean": 100.0, "evaluation/target_500_length_std": 0.0, "evaluation/target_500_predicted_movies": [2178, 3076, 2534, 5993, 162414, 3214, 656, 6516, 6777, 5663], "evaluation/target500_number_of_different_movies_predicted": 10, "evaluation/target_350.0_overall_return_mean": 422.3, "evaluation/target_350.0_overall_return_std": 18.55963361707337, "evaluation/target_350.0_length_mean": 100.0, "evaluation/target_350.0_length_std": 0.0, "evaluation/target_350.0_predicted_movies": [2178, 3076, 5993, 3214, 162414, 656, 4174, 6516, 6777, 5663], "evaluation/target350.0_number_of_different_movies_predicted": 10, "time/total": 96.40251040458679, "time/evaluation": 32.91701340675354, "training/train_loss_mean": 53.781571311950685, "training/train_loss_std": 2.3638682041721553, "training/action_error": 52.42167663574219, "_timestamp": 1702564904.500561, "_runtime": 94.71971201896667, "_step": 0, "_wandb": {"runtime": 94}}