{"time/training": 17.153579711914062, "evaluation/target_500_overall_return_mean": 344.8, "evaluation/target_500_overall_return_std": 16.9162643630324, "evaluation/target_500_length_mean": 100.0, "evaluation/target_500_length_std": 0.0, "evaluation/target500_number_of_different_movies_predicted": 229, "evaluation/target_350.0_overall_return_mean": 343.15, "evaluation/target_350.0_overall_return_std": 7.335018745715651, "evaluation/target_350.0_length_mean": 100.0, "evaluation/target_350.0_length_std": 0.0, "evaluation/target350.0_number_of_different_movies_predicted": 281, "time/total": 80.0316903591156, "time/evaluation": 56.99957990646362, "training/train_loss_mean": 81.89337791442871, "training/train_loss_std": 4.074987851485416, "training/action_error": 78.20640563964844, "_timestamp": 1702567440.4814065, "_runtime": 78.45215940475464, "_step": 0, "_wandb": {"runtime": 77}}