{"time/training": 23.869064331054688, "evaluation/target_500_overall_return_mean": 320.85, "evaluation/target_500_overall_return_std": 18.07076368059745, "evaluation/target_500_length_mean": 100.0, "evaluation/target_500_length_std": 0.0, "evaluation/target500_number_of_different_movies_predicted": 505, "evaluation/target_350.0_overall_return_mean": 333.15, "evaluation/target_350.0_overall_return_std": 12.105886997655315, "evaluation/target_350.0_length_mean": 100.0, "evaluation/target_350.0_length_std": 0.0, "evaluation/target350.0_number_of_different_movies_predicted": 507, "time/total": 1229.3719382286072, "time/evaluation": 95.08212327957153, "training/train_loss_mean": 148.16149078369142, "training/train_loss_std": 9.707177853274857, "training/action_error": 169.54006958007812, "_timestamp": 1703070511.0142622, "_runtime": 1227.849270105362, "_step": 9, "_wandb": {"runtime": 1227}}