{"time/training": 24.315606594085693, "training/train_accuracy": 0.5608949065208435, "evaluation/target_100_eval_action_error": 194.3625, "evaluation/target_100_overall_return_mean": 64.72037037037038, "evaluation/target_100_overall_return_std": 7.799043312415628, "evaluation/target_100_length_mean": 100.0, "evaluation/target_100_length_std": 0.0, "evaluation/target_100_overall_accuracy_mean": 0.22400000000000003, "time/total": 300.77639651298523, "time/evaluation": 7.958357810974121, "training/train_loss_mean": 1.1636993995904923, "training/train_loss_std": 0.05701139844408822, "training/action_error": 2.3629629611968994, "_timestamp": 1701246097.4157698, "_runtime": 299.3006799221039, "_step": 9, "_wandb": {"runtime": 298}}