{"time/training": 23.55877113342285, "training/train_accuracy": 0.5089913606643677, "evaluation/target_100_eval_action_error": 224.1625, "evaluation/target_100_overall_return_mean": 61.525308641975265, "evaluation/target_100_overall_return_std": 8.741978250787133, "evaluation/target_100_length_mean": 100.0, "evaluation/target_100_length_std": 0.0, "evaluation/target_100_overall_accuracy_mean": 0.23350000000000004, "time/total": 312.8941366672516, "time/evaluation": 7.061425447463989, "training/train_loss_mean": 1.2908595712184907, "training/train_loss_std": 0.05160922039837654, "training/action_error": 2.8243021965026855, "_timestamp": 1701338731.8866456, "_runtime": 311.2052414417267, "_step": 9, "_wandb": {"runtime": 310}}