{"time/training": 9.692022562026978, "training/train_accuracy": 0.32998499274253845, "evaluation/target_100_eval_action_error": 143.3375, "evaluation/target_100_overall_return_mean": 67.15617283950614, "evaluation/target_100_overall_return_std": 5.866658710297235, "evaluation/target_100_length_mean": 100.0, "evaluation/target_100_length_std": 0.0, "evaluation/target_100_overall_accuracy_mean": 0.255, "time/total": 171.4173882007599, "time/evaluation": 8.545828342437744, "training/train_loss_mean": 1.7694386756420135, "training/train_loss_std": 0.040578347007230245, "training/action_error": 3.7083678245544434, "_timestamp": 1700839163.4353561, "_runtime": 170.29270720481873, "_step": 9, "_wandb": {"runtime": 169}}