{"time/training": 17.690009593963623, "evaluation/target_500_overall_return_mean": 330.5, "evaluation/target_500_overall_return_std": 14.182735984287376, "evaluation/target_500_length_mean": 100.0, "evaluation/target_500_length_std": 0.0, "evaluation/target_500_predicted_movies": [4104, 122888, 6156, 4123, 159779, 6192, 6210, 8261, 26694, 6216, 73804, 6225, 30816, 32875, 67695, 4220, 49276, 137, 32906, 4237, 6299, 6315, 4268, 4267, 2236, 176329, 4298, 211, 151769, 26870, 2296, 4359, 263, 102666, 269, 6417, 6422, 278, 4380, 94494, 129313, 292, 166183, 67888, 4402, 307, 4404, 166203, 6460, 6461, 168254, 4422, 6477, 4429, 2382, 78160, 337, 334, 4439, 74075, 4458, 4459, 92535, 8571, 70015, 386, 43396, 406, 8601, 4508, 168350, 8622, 6579, 6611, 472, 176601, 182749, 152037, 104944, 497, 143859, 514, 4613, 141830, 6667, 4623, 4630, 121374, 8738, 172587, 172589, 8755, 569, 141890, 4676, 4679, 2632, 102993, 8795, 82527, 4705, 2661, 4714, 8813, 2670, 64116, 47736, 129659, 131714, 78469, 645, 6791, 103048, 66203, 43677, 4765, 45726, 64167, 2732, 4783, 4799, 148166, 101072, 2769, 722, 131796, 152284, 4830, 2784, 27368, 27373, 41712, 142074, 41724, 49917, 2817, 4871, 74510, 4883, 790, 8982, 6938, 31522, 2862, 851, 68444, 7005, 7024, 4980, 4993, 900, 7045, 168846, 170897, 918, 5025, 5027, 2991, 2993, 93114, 156605, 963, 971, 7116, 5068, 97230, 144352, 3041, 138210, 140265, 7153, 132084, 68600, 3067, 3078, 7193, 1051, 1059, 113705, 3120, 103483, 1091, 134214, 193609, 1116, 128097, 3173, 113780, 3201, 7297, 7299, 7318, 7320, 7328, 1203, 3252, 3254, 25782, 74946, 62662, 111817, 1237, 27869, 1251, 148709, 3301, 27882, 161008, 136443, 5382, 1300, 1304, 70946, 1322, 89388, 3372, 3378, 3389, 136511, 7487, 68932, 1348, 5447, 1356, 70990, 5468, 60766, 5477, 81257, 97665, 77191, 1419, 91535, 1426, 3478, 1440, 1442, 140715, 5548, 177593, 1490, 3539, 126420, 181719, 44511, 5604, 1517, 3581, 48638, 95744, 1546, 7704, 56869, 3626, 5682, 1614, 48741, 7789, 136816, 3707, 1659, 1673, 104074, 104076, 3742, 44709, 5801, 5802, 102058, 3761, 5810, 3766, 3768, 134861, 7889, 138966, 50912, 26340, 171749, 42738, 44788, 3832, 7938, 3847, 3852, 46862, 26391, 5922, 114494, 5952, 5955, 1863, 102217, 128842, 141131, 1870, 3922, 149330, 5974, 5995, 32632, 77688, 81786, 46974, 3969, 145283, 3980, 104337, 104339, 6041, 130976, 1955, 40870, 4007, 114601, 1962, 1969, 4017, 81845, 6104, 114662, 129011, 4089, 106491], "evaluation/target500_number_of_different_movies_predicted": 324, "evaluation/target_350.0_overall_return_mean": 337.65, "evaluation/target_350.0_overall_return_std": 14.18634907225957, "evaluation/target_350.0_length_mean": 100.0, "evaluation/target_350.0_length_std": 0.0, "evaluation/target_350.0_predicted_movies": [32770, 122888, 6156, 122892, 2064, 26, 159779, 122916, 2085, 6192, 26676, 6210, 2116, 2117, 8261, 6216, 73804, 6235, 2140, 99, 30825, 32875, 127098, 49276, 137, 32906, 4236, 4237, 118930, 73876, 152, 6299, 6305, 127146, 6315, 4268, 8368, 2236, 26812, 2239, 199, 176329, 4298, 147662, 168144, 26870, 2296, 2302, 263, 102666, 278, 6422, 94494, 2347, 2350, 67888, 4402, 307, 306, 4408, 6460, 6461, 4422, 4424, 6477, 2382, 4429, 78160, 337, 4439, 74075, 4459, 4467, 92535, 8571, 4478, 6528, 108928, 6533, 98697, 135567, 406, 2456, 8601, 168350, 8622, 6579, 182727, 4557, 2512, 182749, 152037, 143859, 4603, 2559, 152063, 4613, 4614, 2565, 6667, 141836, 4623, 4628, 8738, 549, 68135, 172587, 172589, 8755, 141890, 84553, 105037, 102993, 8795, 2652, 4705, 6755, 2661, 109161, 4714, 2670, 129659, 636, 131714, 2691, 645, 86668, 66203, 4765, 43677, 45726, 2732, 4783, 158388, 4792, 4799, 53956, 148166, 8905, 715, 101072, 722, 131796, 27368, 27373, 41724, 49917, 2817, 2820, 773, 4886, 2839, 172825, 6938, 6939, 117545, 99117, 113453, 31545, 6981, 6982, 851, 7005, 7009, 4970, 2925, 172909, 7024, 121715, 4981, 896, 4993, 2946, 168846, 170897, 2965, 918, 2988, 2991, 5039, 2993, 952, 156605, 959, 963, 7116, 7124, 981, 3041, 138210, 140265, 7153, 95218, 1009, 132084, 68600, 1035, 7193, 1059, 113705, 70697, 78893, 3120, 1080, 103483, 1091, 134214, 193609, 1111, 128097, 3173, 3182, 113780, 3197, 3201, 7299, 1171, 5269, 7318, 5279, 7328, 1201, 1203, 50356, 25782, 3254, 111800, 74946, 173255, 111817, 3283, 1237, 5333, 91353, 91355, 27869, 146656, 1251, 7396, 148709, 3301, 161008, 1272, 5378, 5382, 1300, 1304, 1322, 89388, 3372, 3378, 99638, 3389, 7487, 1348, 68932, 70990, 140627, 5468, 60766, 5472, 5477, 97665, 77191, 48520, 1419, 91535, 3478, 1442, 79274, 5548, 159161, 177593, 3515, 36289, 46530, 150993, 1490, 3539, 5604, 171495, 5609, 1517, 3581, 95744, 5663, 56869, 3625, 3626, 48698, 26171, 7749, 26183, 44633, 48741, 7789, 5741, 136816, 26225, 165489, 3707, 1663, 1673, 104074, 59026, 3742, 136864, 5801, 5802, 102058, 3756, 5810, 3766, 3768, 7879, 134861, 7889, 138966, 3809, 171749, 42728, 3821, 44788, 3832, 1792, 7936, 7938, 3847, 3852, 46862, 26391, 5922, 114494, 1855, 5955, 163653, 1863, 32584, 102217, 141131, 1870, 149330, 3922, 96084, 5995, 171891, 77688, 81786, 3964, 46974, 3969, 145283, 1926, 3980, 6030, 104339, 69526, 1951, 1955, 4007, 114601, 167854, 4017, 1969, 81845, 79798, 8119, 1984, 155589, 1998, 6104, 61406, 114662, 129011, 4089, 106491, 8189], "evaluation/target350.0_number_of_different_movies_predicted": 377, "time/total": 83.77109789848328, "time/evaluation": 59.948418855667114, "training/train_loss_mean": 88.55818840026855, "training/train_loss_std": 6.849303629347238, "training/action_error": 98.12699890136719, "_timestamp": 1702567306.0354216, "_runtime": 82.14536762237549, "_step": 0, "_wandb": {"runtime": 81}}