{"time/training": 27.701047897338867, "training/train_accuracy": 0.579732358455658, "evaluation/target_100_eval_action_error": 169.2125, "evaluation/target_100_overall_return_mean": 65.27839506172838, "evaluation/target_100_overall_return_std": 6.3324722960529005, "evaluation/target_100_length_mean": 100.0, "evaluation/target_100_length_std": 0.0, "evaluation/target_100_overall_accuracy_mean": 0.2475, "time/total": 335.2032492160797, "time/evaluation": 7.663379669189453, "training/train_loss_mean": 1.1159889965057372, "training/train_loss_std": 0.058158537720264816, "training/action_error": 2.378516674041748, "_timestamp": 1701272520.662298, "_runtime": 333.4669990539551, "_step": 9, "_wandb": {"runtime": 332}}