{"training/train_loss_std": 0.019433477341832175, "time/evaluation": 7.164881706237793, "evaluation/target_100_eval_action_error": 292.4125, "_step": 7, "_runtime": 68.8949031829834, "training/train_accuracy": 0.11127756536006927, "time/training": 0.7718746662139893, "evaluation/target_100_overall_return_std": 3.613554886935609, "_timestamp": 1700835591.1652665, "evaluation/target_100_length_std": 0.0, "evaluation/target_100_overall_return_mean": 53.540123456790106, "evaluation/target_100_length_mean": 100.0, "time/total": 65.43535828590393, "training/train_loss_mean": 2.3855314016342164, "training/action_error": 13.049413681030273, "evaluation/target_100_overall_accuracy_mean": "0.1260"}
