{"time/training": 23.775776147842407, "training/train_accuracy": 0.4757188856601715, "evaluation/target_100_eval_action_error": 143.4125, "evaluation/target_100_overall_return_mean": 69.31543209876544, "evaluation/target_100_overall_return_std": 9.052112059564443, "evaluation/target_100_length_mean": 100.0, "evaluation/target_100_length_std": 0.0, "evaluation/target_100_overall_accuracy_mean": 0.27299999999999996, "time/total": 294.9890167713165, "time/evaluation": 8.614890336990356, "training/train_loss_mean": 1.374259532213211, "training/train_loss_std": 0.05411253058388639, "training/action_error": 2.756329298019409, "_timestamp": 1701246631.4015787, "_runtime": 293.7244517803192, "_step": 9, "_wandb": {"runtime": 293}}