{"time/training": 236.04409003257751, "evaluation/target_500_overall_return_mean": 336.6, "evaluation/target_500_overall_return_std": 14.504826782833362, "evaluation/target_500_length_mean": 100.0, "evaluation/target_500_length_std": 0.0, "evaluation/target500_number_of_different_movies_predicted": 464, "evaluation/target_350.0_overall_return_mean": 331.35, "evaluation/target_350.0_overall_return_std": 8.1579715616077, "evaluation/target_350.0_length_mean": 100.0, "evaluation/target_350.0_length_std": 0.0, "evaluation/target350.0_number_of_different_movies_predicted": 512, "time/total": 340.30003118515015, "time/evaluation": 98.09776377677917, "training/train_loss_mean": 101.07305912780761, "training/train_loss_std": 9.520318476223851, "training/action_error": 100.44710540771484, "_timestamp": 1702568226.9080343, "_runtime": 338.64618039131165, "_step": 0, "_wandb": {"runtime": 338}}