{"time/training": 19.048304319381714, "evaluation/target_500_overall_return_mean": 329.6, "evaluation/target_500_overall_return_std": 15.178603361310946, "evaluation/target_500_length_mean": 100.0, "evaluation/target_500_length_std": 0.0, "evaluation/target500_number_of_different_movies_predicted": 419, "evaluation/target_350.0_overall_return_mean": 339.3, "evaluation/target_350.0_overall_return_std": 9.38402898546248, "evaluation/target_350.0_length_mean": 100.0, "evaluation/target_350.0_length_std": 0.0, "evaluation/target350.0_number_of_different_movies_predicted": 355, "time/total": 826.3206272125244, "time/evaluation": 65.82546663284302, "training/train_loss_mean": 107.51166259765625, "training/train_loss_std": 9.670687747449483, "training/action_error": 112.04295349121094, "_timestamp": 1703068876.477278, "_runtime": 824.8828890323639, "_step": 9, "_wandb": {"runtime": 824}}