{"time/training": 26.0444815158844, "evaluation/target_500_overall_return_mean": 316.9, "evaluation/target_500_overall_return_std": 13.286835590162166, "evaluation/target_500_length_mean": 100.0, "evaluation/target_500_length_std": 0.0, "evaluation/target500_number_of_different_movies_predicted": 467, "evaluation/target_350.0_overall_return_mean": 318.55, "evaluation/target_350.0_overall_return_std": 9.269439033727984, "evaluation/target_350.0_length_mean": 100.0, "evaluation/target_350.0_length_std": 0.0, "evaluation/target350.0_number_of_different_movies_predicted": 450, "time/total": 266.5205705165863, "time/evaluation": 104.42479658126831, "training/train_loss_mean": 106.33301933288574, "training/train_loss_std": 7.995060921766918, "training/action_error": 108.96887969970703, "_timestamp": 1703069173.4078357, "_runtime": 264.78167963027954, "_step": 1, "_wandb": {"runtime": 329}}