{"time/training": 114.11515736579895, "evaluation/target_500_eval_action_error": NaN, "evaluation/target_500_overall_return_mean": 331.8, "evaluation/target_500_overall_return_std": 7.242927584892728, "evaluation/target_500_length_mean": 100.0, "evaluation/target_500_length_std": 0.0, "evaluation/target_350.0_eval_action_error": NaN, "evaluation/target_350.0_overall_return_mean": 332.65, "evaluation/target_350.0_overall_return_std": 17.791922324470733, "evaluation/target_350.0_length_mean": 100.0, "evaluation/target_350.0_length_std": 0.0, "time/total": 255.44174671173096, "time/evaluation": 134.95490050315857, "training/train_loss_mean": 170.2386164855957, "training/train_loss_std": 14.582770829989782, "training/action_error": 173.98374938964844, "_timestamp": 1702562068.7484145, "_runtime": 253.78607153892517, "_step": 0, "_wandb": {"runtime": 253}}