{"time/training": 8.058295488357544, "training/train_accuracy": 0.27792951464653015, "evaluation/target_100_eval_action_error": 133.3375, "evaluation/target_100_overall_return_mean": 68.99567901234566, "evaluation/target_100_overall_return_std": 6.213072926234623, "evaluation/target_100_length_mean": 100.0, "evaluation/target_100_length_std": 0.0, "evaluation/target_100_overall_accuracy_mean": 0.2669999999999999, "evaluation/target_100_eval_actions": [5, 5, 5, 7, 7, 7, 7, 7, 9, 7, 9, 7, 7, 5, 7, 7, 7, 7, 7, 5, 7, 7, 7, 7, 7, 7, 7, 7, 7, 7, 7, 7, 7, 7, 7, 7, 5, 7, 7, 7, 7, 7, 9, 5, 7, 7, 7, 5, 5, 7, 5, 7, 9, 7, 7, 7, 5, 7, 7, 7, 7, 7, 7, 7, 7, 9, 7, 7, 7, 7, 5, 7, 6, 7, 7, 7, 5, 7, 9, 7, 6, 7, 5, 7, 9, 5, 7, 7, 7, 7, 7, 7, 7, 7, 7, 7, 7, 7, 7, 7], "time/total": 65.98616528511047, "time/evaluation": 7.0955281257629395, "training/train_loss_mean": 1.9347912311553954, "training/train_loss_std": 0.04995026765241092, "training/action_error": 4.183110237121582, "_timestamp": 1700838569.028547, "_runtime": 64.61055493354797, "_step": 3, "_wandb": {"runtime": 76}}