{"time/training": 21.080781936645508, "training/train_accuracy": 0.31718751788139343, "evaluation/target_100_eval_action_error": 141.7125, "evaluation/target_100_overall_return_mean": 68.58703703703702, "evaluation/target_100_overall_return_std": 7.2945094791480765, "evaluation/target_100_length_mean": 100.0, "evaluation/target_100_length_std": 0.0, "evaluation/target_100_overall_accuracy_mean": 0.27549999999999997, "time/total": 289.42448234558105, "time/evaluation": 9.976396799087524, "training/train_loss_mean": 1.7892656571865082, "training/train_loss_std": 0.1042590976086187, "training/action_error": 7.40625, "_timestamp": 1701246968.0697691, "_runtime": 288.0049750804901, "_step": 9, "_wandb": {"runtime": 287}}