{"time/training": 7.7110066413879395, "training/train_accuracy": 0.3206837773323059, "evaluation/target_100_eval_action_error": 149.8625, "evaluation/target_100_overall_return_mean": 68.38950617283949, "evaluation/target_100_overall_return_std": 10.758919960226624, "evaluation/target_100_length_mean": 100.0, "evaluation/target_100_length_std": 0.0, "evaluation/target_100_overall_accuracy_mean": 0.28300000000000003, "time/total": 158.34629654884338, "time/evaluation": 6.979284763336182, "training/train_loss_mean": 1.8021349799633026, "training/train_loss_std": 0.0478992400317404, "training/action_error": 3.7329094409942627, "_timestamp": 1700839489.8947158, "_runtime": 157.14677786827087, "_step": 9, "_wandb": {"runtime": 156}}