{"time/training": 4.343893051147461, "training/train_accuracy": 0.3218800127506256, "evaluation/target_100_eval_action_error": 133.45, "evaluation/target_100_overall_return_mean": 70.70123456790122, "evaluation/target_100_overall_return_std": 10.375986574475231, "evaluation/target_100_length_mean": 100.0, "evaluation/target_100_length_std": 0.0, "evaluation/target_100_overall_accuracy_mean": 0.3155, "time/total": 124.746408700943, "time/evaluation": 7.63546347618103, "training/train_loss_mean": 1.775789839029312, "training/train_loss_std": 0.04071580364636297, "training/action_error": 4.007537841796875, "_timestamp": 1701209704.765453, "_runtime": 122.83198714256287, "_step": 9, "_wandb": {"runtime": 122}}