{"time/training": 177.05809783935547, "evaluation/target_500_overall_return_mean": 342.0, "evaluation/target_500_overall_return_std": 12.066482503198685, "evaluation/target_500_length_mean": 100.0, "evaluation/target_500_length_std": 0.0, "evaluation/target500_number_of_different_movies_predicted": 337, "evaluation/target_350.0_overall_return_mean": 356.55, "evaluation/target_350.0_overall_return_std": 10.218732798150658, "evaluation/target_350.0_length_mean": 100.0, "evaluation/target_350.0_length_std": 0.0, "evaluation/target350.0_number_of_different_movies_predicted": 364, "time/total": 2511.0636134147644, "time/evaluation": 63.760706663131714, "training/train_loss_mean": 102.11758319091797, "training/train_loss_std": 3.5527012877560105, "training/action_error": 106.92118835449219, "_timestamp": 1702570844.2576191, "_runtime": 2509.417320251465, "_step": 9, "_wandb": {"runtime": 2508}}