{"time/training": 27.052579879760742, "training/train_accuracy": 0.5497037768363953, "evaluation/target_100_eval_action_error": 162.925, "evaluation/target_100_overall_return_mean": 66.29012345679011, "evaluation/target_100_overall_return_std": 6.776401960701447, "evaluation/target_100_length_mean": 100.0, "evaluation/target_100_length_std": 0.0, "evaluation/target_100_overall_accuracy_mean": 0.246, "time/total": 372.79594898223877, "time/evaluation": 9.330605030059814, "training/train_loss_mean": 1.186909273147583, "training/train_loss_std": 0.05566185617714111, "training/action_error": 2.4926350116729736, "_timestamp": 1701339144.0120656, "_runtime": 371.1487855911255, "_step": 9, "_wandb": {"runtime": 370}}