{"time/training": 146.62663006782532, "evaluation/target_500_eval_action_error": NaN, "evaluation/target_500_overall_return_mean": 338.4, "evaluation/target_500_overall_return_std": 10.241581909060729, "evaluation/target_500_length_mean": 100.0, "evaluation/target_500_length_std": 0.0, "evaluation/target_350.0_eval_action_error": NaN, "evaluation/target_350.0_overall_return_mean": 338.25, "evaluation/target_350.0_overall_return_std": 9.020116407231118, "evaluation/target_350.0_length_mean": 100.0, "evaluation/target_350.0_length_std": 0.0, "time/total": 341.71333503723145, "time/evaluation": 188.9451596736908, "training/train_loss_mean": 97.00600898742675, "training/train_loss_std": 5.810846993069751, "training/action_error": 110.79181671142578, "_timestamp": 1702562485.0572734, "_runtime": 340.1623954772949, "_step": 0, "_wandb": {"runtime": 339}}