{"time/training": 99.3801896572113, "evaluation/target_500_eval_action_error": NaN, "evaluation/target_500_overall_return_mean": 338.5, "evaluation/target_500_overall_return_std": 8.587782018658833, "evaluation/target_500_length_mean": 100.0, "evaluation/target_500_length_std": 0.0, "evaluation/target_350.0_eval_action_error": NaN, "evaluation/target_350.0_overall_return_mean": 335.5, "evaluation/target_350.0_overall_return_std": 9.728823155962905, "evaluation/target_350.0_length_mean": 100.0, "evaluation/target_350.0_length_std": 0.0, "time/total": 3083.722037792206, "time/evaluation": 213.55942058563232, "training/train_loss_mean": 465.70835968017576, "training/train_loss_std": 30.95075499911678, "training/action_error": 489.1130065917969, "_timestamp": 1701930869.0956197, "_runtime": 3081.952095746994, "_step": 9, "_wandb": {"runtime": 3081}}