{"time/training": 42.60009741783142, "training/train_accuracy": 0.3453821539878845, "evaluation/target_100_eval_action_error": 204.5375, "evaluation/target_100_overall_return_mean": 68.55, "evaluation/target_100_overall_return_std": 12.249387739801527, "evaluation/target_100_length_mean": 100.0, "evaluation/target_100_length_std": 0.0, "evaluation/target_100_overall_accuracy_mean": 0.21650000000000005, "evaluation/target_100_different_unique_target_actions": [0.5, 1.0, 1.5, 2.0, 2.5, 3.0, 3.5, 4.0, 4.5, 5.0], "evaluation/target_100_different_unique_pred_actions": [3.0, 3.5, 4.0, 4.5, 5.0], "evaluation/target_100_total_achievable_rewards": 1386, "evaluation/target_100_total_achievable_rewards_out_of_100": 69.3, "evaluation/target_100_total_reward_achieved": 1371, "evaluation/target_100_total_reward_achieved_out_of_100": 68.55, "evaluation/proportion_of_the_achievable_reward_achieved": 98.91774891774891, "time/total": 470.7825906276703, "time/evaluation": 8.162271976470947, "training/train_loss_mean": 1.7040178508758546, "training/train_loss_std": 0.04572857767540394, "training/action_error": 3.414490222930908, "_timestamp": 1701347648.9148905, "_runtime": 469.51188349723816, "_step": 9, "_wandb": {"runtime": 468}}