{"time/training": 27.660852909088135, "training/train_accuracy": 0.34194454550743103, "evaluation/target_100_eval_action_error": 154.0125, "evaluation/target_100_overall_return_mean": 68.14999999999996, "evaluation/target_100_overall_return_std": 7.286507476535609, "evaluation/target_100_length_mean": 100.0, "evaluation/target_100_length_std": 0.0, "evaluation/target_100_overall_accuracy_mean": 0.27849999999999997, "evaluation/target_100_different_unique_target_actions": [0.5, 2.0, 2.5, 3.0, 3.5, 4.0, 4.5, 5.0], "evaluation/target_100_different_unique_pred_actions": [3.5, 4.0, 4.5, 5.0], "time/total": 368.31511092185974, "time/evaluation": 10.839460849761963, "training/train_loss_mean": 1.7147574081420898, "training/train_loss_std": 0.04472187562766452, "training/action_error": 3.8363635540008545, "_timestamp": 1701340736.0603242, "_runtime": 366.64350414276123, "_step": 9, "_wandb": {"runtime": 366}}