{"time/training": 26.82082486152649, "training/train_accuracy": 0.5477998852729797, "evaluation/target_100_eval_action_error": 165.85, "evaluation/target_100_overall_return_mean": 67.21234567901233, "evaluation/target_100_overall_return_std": 6.954844448413711, "evaluation/target_100_length_mean": 100.0, "evaluation/target_100_length_std": 0.0, "evaluation/target_100_overall_accuracy_mean": 0.256, "time/total": 352.9171221256256, "time/evaluation": 10.675967931747437, "training/train_loss_mean": 1.18805209004879, "training/train_loss_std": 0.054005272617554806, "training/action_error": 2.2734899520874023, "_timestamp": 1701338315.3808923, "_runtime": 351.1499993801117, "_step": 9, "_wandb": {"runtime": 350}}