{"time/training": 26.584914684295654, "training/train_accuracy": 0.5723747611045837, "evaluation/target_100_eval_action_error": 154.225, "evaluation/target_100_overall_return_mean": 67.17160493827159, "evaluation/target_100_overall_return_std": 5.594389513190977, "evaluation/target_100_length_mean": 100.0, "evaluation/target_100_length_std": 0.0, "evaluation/target_100_overall_accuracy_mean": 0.25350000000000006, "time/total": 346.2444579601288, "time/evaluation": 10.563374757766724, "training/train_loss_mean": 1.1328072093725206, "training/train_loss_std": 0.05642728278657762, "training/action_error": 2.4088542461395264, "_timestamp": 1701337151.910486, "_runtime": 344.4811589717865, "_step": 9, "_wandb": {"runtime": 343}}