{"time/training": 17.202693223953247, "evaluation/target_500_overall_return_mean": 345.5, "evaluation/target_500_overall_return_std": 13.103434664239753, "evaluation/target_500_length_mean": 100.0, "evaluation/target_500_length_std": 0.0, "evaluation/target500_number_of_different_movies_predicted": 304, "evaluation/target_350.0_overall_return_mean": 340.35, "evaluation/target_350.0_overall_return_std": 7.362234715084816, "evaluation/target_350.0_length_mean": 100.0, "evaluation/target_350.0_length_std": 0.0, "evaluation/target350.0_number_of_different_movies_predicted": 289, "time/total": 813.0086097717285, "time/evaluation": 65.66821122169495, "training/train_loss_mean": 148.3777938079834, "training/train_loss_std": 20.694104568143327, "training/action_error": 178.20785522460938, "_timestamp": 1703074500.6456854, "_runtime": 811.2768263816833, "_step": 9, "_wandb": {"runtime": 810}}