{"time/training": 0.7358484268188477, "training/train_accuracy": 0.2151656448841095, "evaluation/target_100_eval_action_error": 252.275, "evaluation/target_100_overall_return_mean": 56.96913580246911, "evaluation/target_100_overall_return_std": 4.208347537404669, "evaluation/target_100_length_mean": 100.0, "evaluation/target_100_length_std": 0.0, "evaluation/target_100_overall_accuracy_mean": "0.1495", "time/total": 84.19113564491272, "time/evaluation": 6.945396184921265, "training/train_loss_mean": 2.182773542404175, "training/train_loss_std": 0.054977199505298, "training/action_error": 7.70632266998291, "_timestamp": 1700836479.5988216, "_runtime": 82.47880673408508, "_step": 9, "_wandb": {"runtime": 81}}