{"time/training": 0.7492537498474121, "training/train_accuracy": 0.1978435218334198, "evaluation/target_100_eval_action_error": 209.2875, "evaluation/target_100_overall_return_mean": 62.01296296296293, "evaluation/target_100_overall_return_std": 3.2015858624673568, "evaluation/target_100_length_mean": 100.0, "evaluation/target_100_length_std": 0.0, "evaluation/target_100_overall_accuracy_mean": "0.2095", "time/total": 88.88180041313171, "time/evaluation": 7.076808214187622, "training/train_loss_mean": 2.201158881187439, "training/train_loss_std": 0.028733004883937, "training/action_error": 7.151226997375488, "_timestamp": 1700836093.9359486, "_runtime": 87.68111753463745, "_step": 9, "_wandb": {"runtime": 87}}