{"time/training": 9.526817560195923, "training/train_accuracy": 0.32899603247642517, "evaluation/target_100_eval_action_error": 131.475, "evaluation/target_100_overall_return_mean": 69.71481481481482, "evaluation/target_100_overall_return_std": 6.281319515149245, "evaluation/target_100_length_mean": 100.0, "evaluation/target_100_length_std": 0.0, "evaluation/target_100_overall_accuracy_mean": 0.28300000000000003, "time/total": 168.50713539123535, "time/evaluation": 7.517275094985962, "training/train_loss_mean": 1.7698187470436095, "training/train_loss_std": 0.04847992908153754, "training/action_error": 3.803278923034668, "_timestamp": 1700837667.556942, "_runtime": 167.06824207305908, "_step": 9, "_wandb": {"runtime": 166}}