{"evaluation/actions": {"_type": "histogram", "values": [4, 0, 0, 0, 0, 0, 0, 0, 0, 0, 0, 0, 0, 0, 0, 0, 74, 0, 0, 0, 0, 0, 0, 0, 0, 0, 0, 0, 0, 0, 0, 22], "bins": [5.0, 5.125, 5.25, 5.375, 5.5, 5.625, 5.75, 5.875, 6.0, 6.125, 6.25, 6.375, 6.5, 6.625, 6.75, 6.875, 7.0, 7.125, 7.25, 7.375, 7.5, 7.625, 7.75, 7.875, 8.0, 8.125, 8.25, 8.375, 8.5, 8.625, 8.75, 8.875, 9.0]}, "_timestamp": 1700838257.107591, "_runtime": 171.81407690048218, "_step": 209, "time/training": 9.92742133140564, "training/train_accuracy": 0.32859382033348083, "evaluation/target_100_eval_action_error": 125.1875, "evaluation/target_100_overall_return_mean": 70.97098765432096, "evaluation/target_100_overall_return_std": 5.910778318911551, "evaluation/target_100_length_mean": 100.0, "evaluation/target_100_length_std": 0.0, "evaluation/target_100_overall_accuracy_mean": 0.30900000000000005, "time/total": 173.0461814403534, "time/evaluation": 8.524260997772217, "training/train_loss_mean": 1.7659992277622223, "training/train_loss_std": 0.043059810113475774, "training/action_error": 3.9827017784118652, "_wandb": {"runtime": 170}}