{"time/training": 20.735430479049683, "evaluation/target_500_overall_return_mean": 322.65, "evaluation/target_500_overall_return_std": 8.558767434625151, "evaluation/target_500_length_mean": 100.0, "evaluation/target_500_length_std": 0.0, "evaluation/target500_number_of_different_movies_predicted": 419, "evaluation/target_350.0_overall_return_mean": 332.1, "evaluation/target_350.0_overall_return_std": 14.147084505296489, "evaluation/target_350.0_length_mean": 100.0, "evaluation/target_350.0_length_std": 0.0, "evaluation/target350.0_number_of_different_movies_predicted": 388, "time/total": 712.4356334209442, "time/evaluation": 80.65863537788391, "training/train_loss_mean": 119.90451179504394, "training/train_loss_std": 7.445138157880992, "training/action_error": 119.97630310058594, "_timestamp": 1703064616.6751232, "_runtime": 710.9483802318573, "_step": 7, "_wandb": {"runtime": 777}}