{"time/training": 27.20122241973877, "training/train_accuracy": 0.338280588388443, "evaluation/target_100_eval_action_error": 131.1875, "evaluation/target_100_overall_return_mean": 70.04506172839504, "evaluation/target_100_overall_return_std": 5.4160259900380545, "evaluation/target_100_length_mean": 100.0, "evaluation/target_100_length_std": 0.0, "evaluation/target_100_overall_accuracy_mean": 0.321, "time/total": 355.21884536743164, "time/evaluation": 10.706687211990356, "training/train_loss_mean": 1.7111244781017303, "training/train_loss_std": 0.044849155052516146, "training/action_error": 4.445188522338867, "_timestamp": 1701339699.0713353, "_runtime": 353.5311713218689, "_step": 9, "_wandb": {"runtime": 353}}