{"time/training": 1830.1181480884552, "evaluation/target_500_overall_return_mean": 328.4, "evaluation/target_500_overall_return_std": 18.754732736032256, "evaluation/target_500_length_mean": 100.0, "evaluation/target_500_length_std": 0.0, "evaluation/target500_number_of_different_movies_predicted": 391, "evaluation/target_350.0_overall_return_mean": 332.6, "evaluation/target_350.0_overall_return_std": 7.892401408950256, "evaluation/target_350.0_length_mean": 100.0, "evaluation/target_350.0_length_std": 0.0, "evaluation/target350.0_number_of_different_movies_predicted": 362, "time/total": 9249.82215332985, "time/evaluation": 63.638006925582886, "training/train_loss_mean": 1.481526741552353, "training/train_loss_std": 0.022066559337905748, "training/action_error": 1.4545294046401978, "_timestamp": 1703034387.242601, "_runtime": 9248.219295978546, "_step": 4, "_wandb": {"runtime": 9247}}