{"time/training": 1.892317295074463, "evaluation/target_500_overall_return_mean": 317.35, "evaluation/target_500_overall_return_std": 12.330956978272205, "evaluation/target_500_length_mean": 100.0, "evaluation/target_500_length_std": 0.0, "evaluation/target500_number_of_different_movies_predicted": 282, "evaluation/target_350.0_overall_return_mean": 326.75, "evaluation/target_350.0_overall_return_std": 8.367347249875554, "evaluation/target_350.0_length_mean": 100.0, "evaluation/target_350.0_length_std": 0.0, "evaluation/target350.0_number_of_different_movies_predicted": 326, "time/total": 60.44422125816345, "time/evaluation": 52.496062994003296, "training/train_loss_mean": 1.5521514892578125, "training/train_loss_std": 0.025127327701857338, "training/action_error": 1.5582832098007202, "_timestamp": 1703036868.6824303, "_runtime": 58.8054633140564, "_step": 0, "_wandb": {"runtime": 61}}