{"time/training": 17.225106477737427, "evaluation/target_500_overall_return_mean": 339.25, "evaluation/target_500_overall_return_std": 9.762812094883317, "evaluation/target_500_length_mean": 100.0, "evaluation/target_500_length_std": 0.0, "evaluation/target500_number_of_different_movies_predicted": 361, "evaluation/target_350.0_overall_return_mean": 339.5, "evaluation/target_350.0_overall_return_std": 9.733961166965893, "evaluation/target_350.0_length_mean": 100.0, "evaluation/target_350.0_length_std": 0.0, "evaluation/target350.0_number_of_different_movies_predicted": 351, "time/total": 787.0018253326416, "time/evaluation": 59.649653673172, "training/train_loss_mean": 86.55057647705078, "training/train_loss_std": 4.947602807037532, "training/action_error": 81.70466613769531, "_timestamp": 1703073652.4330554, "_runtime": 785.378493309021, "_step": 9, "_wandb": {"runtime": 784}}