{"time/training": 21.30048632621765, "evaluation/target_500_overall_return_mean": 331.6, "evaluation/target_500_overall_return_std": 12.993844696624627, "evaluation/target_500_length_mean": 100.0, "evaluation/target_500_length_std": 0.0, "evaluation/target500_number_of_different_movies_predicted": 350, "evaluation/target_350.0_overall_return_mean": 327.35, "evaluation/target_350.0_overall_return_std": 8.336815938954151, "evaluation/target_350.0_length_mean": 100.0, "evaluation/target_350.0_length_std": 0.0, "evaluation/target350.0_number_of_different_movies_predicted": 336, "time/total": 89.45283126831055, "time/evaluation": 61.44806981086731, "training/train_loss_mean": 140.14093292236328, "training/train_loss_std": 6.001970300299328, "training/action_error": 135.5615692138672, "_timestamp": 1703063836.2441552, "_runtime": 87.86483120918274, "_step": 0, "_wandb": {"runtime": 137}}