{"time/training": 36.892245054244995, "training/train_accuracy": 0.34475937485694885, "evaluation/target_100_eval_action_error": 202.8, "evaluation/target_100_overall_return_mean": 68.15, "evaluation/target_100_overall_return_std": 15.136958082785325, "evaluation/target_100_length_mean": 100.0, "evaluation/target_100_length_std": 0.0, "evaluation/target_100_overall_accuracy_mean": 0.223, "evaluation/target_100_different_unique_target_actions": [2.0, 3.0, 3.5, 4.0, 4.5, 5.0], "evaluation/target_100_different_unique_pred_actions": [4.0, 5.0], "time/total": 436.707407951355, "time/evaluation": 7.276895523071289, "training/train_loss_mean": 1.7093419818878173, "training/train_loss_std": 0.043570329516599664, "training/action_error": 3.6070549488067627, "_timestamp": 1701345404.6079183, "_runtime": 435.23812532424927, "_step": 9, "_wandb": {"runtime": 434}}