{"time/training": 37.65376806259155, "training/train_accuracy": 0.3453851640224457, "evaluation/target_100_eval_action_error": 148.15, "evaluation/target_100_overall_return_mean": 58.45, "evaluation/target_100_overall_return_std": 24.5814462552552, "evaluation/target_100_length_mean": 100.0, "evaluation/target_100_length_std": 0.0, "evaluation/target_100_overall_accuracy_mean": 0.2975, "evaluation/target_100_different_unique_target_actions": [0.5, 1.0, 1.5, 2.0, 2.5, 3.0, 3.5, 4.0, 4.5, 5.0], "evaluation/target_100_different_unique_pred_actions": [3.0, 3.5, 4.0, 4.5, 5.0], "evaluation/target_100_highest_achievable_reward": 1328, "evaluation/target_100_total_reward_achieved": 1169, "time/total": 451.5370361804962, "time/evaluation": 7.611679553985596, "training/train_loss_mean": 1.7080652685165405, "training/train_loss_std": 0.042689315317499824, "training/action_error": 3.284228801727295, "_timestamp": 1701346451.001482, "_runtime": 448.1930480003357, "_step": 9, "_wandb": {"runtime": 445}}