{"time/training": 25.78235173225403, "training/train_accuracy": 0.2784750461578369, "evaluation/target_100_eval_action_error": 145.5375, "evaluation/target_100_overall_return_mean": 70.13148148148149, "evaluation/target_100_overall_return_std": 7.8154771967835375, "evaluation/target_100_length_mean": 100.0, "evaluation/target_100_length_std": 0.0, "evaluation/target_100_overall_accuracy_mean": 0.295, "evaluation/target_100_different_unique_target_actions": [1.5, 2.0, 3.0, 3.5, 4.0, 5.0, 2.5, 4.5, 1.0], "evaluation/target_100_different_unique_pred_actions": [3.0, 4.0, 5.0], "time/total": 105.29192543029785, "time/evaluation": 10.510851383209229, "training/train_loss_mean": 1.917375109910965, "training/train_loss_std": 0.04125956882355209, "training/action_error": 4.616336822509766, "_timestamp": 1701340341.3701773, "_runtime": 103.42520117759705, "_step": 2, "_wandb": {"runtime": 107}}