{"time/training": 175.82914423942566, "evaluation/target_500_overall_return_mean": 328.6, "evaluation/target_500_overall_return_std": 9.689685237405804, "evaluation/target_500_length_mean": 100.0, "evaluation/target_500_length_std": 0.0, "evaluation/target500_number_of_different_movies_predicted": 428, "evaluation/target_350.0_overall_return_mean": 321.05, "evaluation/target_350.0_overall_return_std": 13.272998907556648, "evaluation/target_350.0_length_mean": 100.0, "evaluation/target_350.0_length_std": 0.0, "evaluation/target350.0_number_of_different_movies_predicted": 420, "time/total": 2373.6886303424835, "time/evaluation": 59.994181871414185, "training/train_loss_mean": 1.1919762325286865, "training/train_loss_std": 0.030264249772734664, "training/action_error": 1.2010949850082397, "_timestamp": 1703039277.459184, "_runtime": 2371.8502860069275, "_step": 9, "_wandb": {"runtime": 2371}}