{"time/training": 18.27833580970764, "evaluation/target_500_overall_return_mean": 338.5, "evaluation/target_500_overall_return_std": 6.659579566308972, "evaluation/target_500_length_mean": 100.0, "evaluation/target_500_length_std": 0.0, "evaluation/target500_number_of_different_movies_predicted": 461, "evaluation/target_350.0_overall_return_mean": 336.85, "evaluation/target_350.0_overall_return_std": 10.571305501214125, "evaluation/target_350.0_length_mean": 100.0, "evaluation/target_350.0_length_std": 0.0, "evaluation/target350.0_number_of_different_movies_predicted": 449, "time/total": 78.66820812225342, "time/evaluation": 54.686015605926514, "training/train_loss_mean": 82.94241050720215, "training/train_loss_std": 4.885394841552874, "training/action_error": 75.9468002319336, "_timestamp": 1703068022.1431315, "_runtime": 77.1635205745697, "_step": 0, "_wandb": {"runtime": 76}}