{"evaluation/target_100_overall_return_mean": 55.39444444444441, "_runtime": 89.90126824378967, "training/action_error": 8.697617530822754, "evaluation/target_100_overall_return_std": 3.697440125434986, "evaluation/target_100_overall_accuracy_mean": "0.1450", "_step": 9, "time/total": 86.7186815738678, "time/training": 0.7515392303466797, "evaluation/target_100_eval_action_error": 284.0625, "time/evaluation": 7.267901182174683, "training/train_accuracy": 0.2090461552143097, "evaluation/target_100_length_std": 0.0, "_timestamp": 1700835316.6206748, "training/train_loss_std": 0.02834975161109353, "training/train_loss_mean": 2.211593818664551, "evaluation/target_100_length_mean": 100.0}
