{"evaluation/actions": {"_type": "histogram", "values": [1, 0, 0, 0, 0, 0, 0, 0, 0, 0, 8, 0, 0, 0, 0, 0, 0, 0, 0, 0, 0, 51, 0, 0, 0, 0, 1, 0, 0, 0, 0, 39], "bins": [3.0, 3.1875, 3.375, 3.5625, 3.75, 3.9375, 4.125, 4.3125, 4.5, 4.6875, 4.875, 5.0625, 5.25, 5.4375, 5.625, 5.8125, 6.0, 6.1875, 6.375, 6.5625, 6.75, 6.9375, 7.125, 7.3125, 7.5, 7.6875, 7.875, 8.0625, 8.25, 8.4375, 8.625, 8.8125, 9.0]}, "_timestamp": 1700838947.2532144, "_runtime": 183.23307347297668, "_step": 20009, "time/training": 8.53823208808899, "training/train_accuracy": 0.32602500915527344, "evaluation/target_100_eval_action_error": 133.575, "evaluation/target_100_overall_return_mean": 69.15185185185183, "evaluation/target_100_overall_return_std": 5.385531458744434, "evaluation/target_100_length_mean": 100.0, "evaluation/target_100_length_std": 0.0, "evaluation/target_100_overall_accuracy_mean": 0.3, "evaluation/target_100_eval_actions": [3, 7, 9, 5, 5, 7, 5, 7, 5, 7, 5, 7, 7, 5, 7, 5, 7, 9, 7, 7, 9, 7, 9, 7, 9, 7, 7, 7, 7, 5, 9, 7, 7, 7, 9, 7, 9, 7, 9, 9, 7, 9, 9, 7, 7, 9, 9, 7, 7, 7, 9, 7, 9, 9, 9, 9, 7, 7, 9, 9, 9, 9, 7, 7, 7, 7, 9, 9, 9, 9, 9, 7, 7, 7, 9, 9, 7, 7, 7, 7, 9, 9, 7, 9, 7, 7, 9, 9, 7, 8, 7, 7, 7, 9, 9, 7, 9, 7, 7, 9], "time/total": 184.66812252998352, "time/evaluation": 8.742112636566162, "training/train_loss_mean": 1.769720606803894, "training/train_loss_std": 0.038297563885856305, "training/action_error": 3.933444023132324, "_wandb": {"runtime": 182}}