{"time/training": 90.40968942642212, "evaluation/target_500_overall_return_mean": 338.3, "evaluation/target_500_overall_return_std": 8.382123835878351, "evaluation/target_500_length_mean": 100.0, "evaluation/target_500_length_std": 0.0, "evaluation/target_500_predicted_movies": [122888, 122890, 159755, 6158, 4116, 159779, 122916, 6181, 2095, 6192, 4159, 6216, 73804, 6222, 82, 6238, 30816, 30825, 32875, 4204, 26743, 30850, 137, 154, 6300, 30890, 6315, 176329, 121035, 204, 168144, 211, 67799, 2264, 159976, 8425, 239, 26870, 2296, 4349, 102666, 166183, 6442, 2347, 112940, 67888, 306, 307, 308, 96563, 4402, 4408, 86345, 331, 2382, 78160, 6480, 337, 74075, 90469, 90471, 86377, 4467, 92535, 139640, 4473, 4475, 108928, 6528, 45442, 43396, 98697, 6537, 104841, 108949, 8601, 8622, 6579, 6595, 172497, 467, 469, 152037, 90600, 497, 143859, 59900, 107013, 4614, 37384, 141836, 524, 526, 4623, 8720, 4630, 544, 549, 74282, 172589, 8755, 4662, 2656, 4705, 143969, 2661, 82534, 146024, 6777, 2683, 636, 113278, 131714, 78469, 645, 6791, 103048, 174737, 107159, 66203, 4765, 43677, 6816, 62113, 64167, 2729, 6832, 2739, 2741, 2747, 4799, 58047, 142020, 53956, 148166, 4811, 31437, 101072, 2789, 27368, 88810, 27373, 60141, 2801, 154358, 49917, 2817, 103171, 111364, 27397, 2820, 4880, 4883, 790, 72479, 117545, 58156, 99117, 2862, 109374, 6985, 841, 4945, 4946, 7005, 37739, 7026, 896, 4993, 2946, 168846, 170897, 33681, 107412, 7062, 7069, 5023, 27555, 2983, 5034, 941, 48045, 58293, 93114, 74683, 156605, 963, 113604, 5060, 3036, 3041, 138210, 5095, 140265, 1006, 7153, 95218, 35836, 97285, 3091, 42004, 7193, 27674, 1059, 7205, 27685, 113705, 7209, 111659, 56379, 3134, 3142, 193609, 5197, 3160, 128097, 134252, 113780, 1144, 7299, 7318, 7320, 167064, 5272, 5279, 7328, 3254, 25782, 42176, 140481, 74946, 1221, 111817, 44241, 1237, 91355, 1243, 7394, 34018, 148709, 56563, 1268, 27899, 1276, 146684, 70932, 1304, 3363, 72998, 1322, 173355, 89388, 3372, 5421, 3389, 7487, 5440, 3392, 3395, 68932, 144716, 70990, 5472, 5477, 85354, 32116, 97665, 77191, 1419, 3473, 3478, 3496, 79274, 5548, 3506, 159161, 36289, 46530, 56782, 1490, 1496, 171495, 60904, 3564, 1517, 26116, 85510, 1545, 3594, 67087, 7704, 5663, 3626, 79428, 26183, 3658, 1612, 1614, 48741, 7789, 3695, 3707, 1659, 134783, 7815, 1673, 26249, 5773, 3726, 97936, 59026, 5780, 136864, 7841, 7843, 44709, 5801, 3756, 5810, 7884, 134861, 91860, 50912, 3809, 171749, 3813, 42728, 34536, 44788, 50942, 7938, 3851, 3852, 3858, 55069, 5922, 153386, 73515, 71484, 5952, 5955, 163653, 61255, 102217, 5965, 8014, 3928, 167772, 1892, 171891, 77688, 85881, 46974, 145283, 1923, 6025, 3980, 6030, 1938, 3997, 1955, 40870, 114601, 1969, 8117, 8132, 1999, 6100, 6104, 8157, 114662, 55280, 129011, 133115, 86014, 40959], "evaluation/target500_number_of_different_movies_predicted": 376, "evaluation/target_350.0_overall_return_mean": 334.8, "evaluation/target_350.0_overall_return_std": 9.019977827023746, "evaluation/target_350.0_length_mean": 100.0, "evaluation/target_350.0_length_std": 0.0, "evaluation/target_350.0_predicted_movies": [118784, 8196, 4102, 122890, 6166, 32, 159779, 6181, 2085, 6192, 143410, 4152, 6216, 73804, 2142, 30816, 99, 30825, 32875, 4204, 127098, 4220, 73858, 4229, 137, 8336, 65682, 178323, 6291, 92309, 8338, 71838, 162, 4267, 8370, 4278, 104644, 143559, 176329, 4298, 204, 151759, 168144, 112852, 2264, 4325, 159976, 26870, 2296, 250, 90374, 6412, 86293, 278, 31000, 67888, 306, 307, 4402, 6477, 2382, 78160, 102742, 4439, 2394, 2410, 363, 131439, 92535, 4475, 8571, 6528, 108928, 43396, 6537, 8601, 121253, 8622, 4527, 6579, 6587, 457, 6604, 2512, 469, 152037, 497, 143859, 2558, 514, 4612, 4617, 141836, 526, 4623, 4630, 180777, 172587, 172589, 4662, 4676, 84553, 589, 4686, 82527, 4705, 2661, 4709, 146024, 8813, 2670, 634, 129659, 636, 6782, 131714, 645, 103048, 8840, 2699, 86668, 174737, 43677, 6821, 131749, 37545, 27306, 2731, 6827, 2732, 6832, 55995, 31420, 4799, 70336, 2751, 53956, 142020, 148166, 714, 101072, 131796, 2784, 2789, 27368, 60141, 41712, 2801, 154358, 49917, 2817, 103171, 4880, 2839, 172825, 6938, 117545, 58156, 113453, 2862, 70451, 2885, 839, 6985, 841, 4945, 4946, 851, 7005, 121715, 4981, 4993, 2946, 902, 168846, 2965, 5014, 43930, 7069, 48032, 101283, 2988, 941, 2991, 93114, 156605, 961, 113604, 5060, 7109, 7116, 3028, 89047, 3040, 138210, 3053, 7153, 95218, 132084, 68597, 60408, 68600, 5114, 35836, 1027, 3076, 97285, 3091, 7193, 1059, 7205, 113705, 7209, 111659, 3134, 1091, 193609, 7255, 128097, 1132, 134252, 113780, 142456, 3201, 7299, 167064, 5279, 7328, 5285, 7340, 1199, 3254, 74946, 1221, 1224, 111817, 7375, 5329, 1237, 1243, 34018, 31973, 1268, 1274, 136443, 146684, 1279, 1288, 1298, 34072, 3354, 3363, 1322, 89388, 3372, 3378, 7479, 3389, 5438, 5440, 3392, 68932, 1348, 70990, 5459, 3429, 97665, 77191, 3467, 3478, 5532, 1439, 7587, 79274, 5548, 5560, 159161, 36289, 7618, 1490, 3544, 26082, 171495, 5637, 3596, 7700, 5663, 1571, 26150, 3626, 48698, 26171, 79428, 7749, 26183, 1614, 106072, 93790, 5733, 3687, 104069, 26249, 1673, 5780, 69275, 44709, 175781, 5801, 102058, 3761, 5810, 46772, 134861, 184015, 50912, 3809, 26340, 171749, 42728, 102125, 3822, 44788, 110330, 50942, 7936, 7938, 190213, 96007, 3852, 5922, 61246, 1855, 5952, 1856, 61255, 102217, 141131, 171891, 77688, 1916, 46974, 145283, 1923, 3980, 6030, 1938, 3997, 1955, 114601, 4009, 6062, 1969, 98243, 1990, 6100, 6104, 8157, 6122, 55280, 129011, 4085, 2044, 8189], "evaluation/target350.0_number_of_different_movies_predicted": 363, "time/total": 221.58952450752258, "time/evaluation": 125.15322542190552, "training/train_loss_mean": 84.7759822845459, "training/train_loss_std": 4.043891510516641, "training/action_error": 84.64763641357422, "_timestamp": 1702565264.9145117, "_runtime": 219.80350065231323, "_step": 0, "_wandb": {"runtime": 219}}