{"time/training": 178.89299154281616, "evaluation/target_500_overall_return_mean": 321.7, "evaluation/target_500_overall_return_std": 8.462269199216012, "evaluation/target_500_length_mean": 100.0, "evaluation/target_500_length_std": 0.0, "evaluation/target500_number_of_different_movies_predicted": 336, "evaluation/target_350.0_overall_return_mean": 318.0, "evaluation/target_350.0_overall_return_std": 17.34358671094304, "evaluation/target_350.0_length_mean": 100.0, "evaluation/target_350.0_length_std": 0.0, "evaluation/target350.0_number_of_different_movies_predicted": 317, "time/total": 2383.0082926750183, "time/evaluation": 62.61519742012024, "training/train_loss_mean": 1.6957361080646516, "training/train_loss_std": 0.03412543835704294, "training/action_error": 1.7180243730545044, "_timestamp": 1703002304.1253633, "_runtime": 2381.1232182979584, "_step": 9, "_wandb": {"runtime": 2380}}