{"time/training": 7.303590297698975, "training/train_accuracy": 0.32837191224098206, "evaluation/target_100_eval_action_error": 141.15, "evaluation/target_100_overall_return_mean": 68.74814814814815, "evaluation/target_100_overall_return_std": 6.166376122371107, "evaluation/target_100_length_mean": 100.0, "evaluation/target_100_length_std": 0.0, "evaluation/target_100_overall_accuracy_mean": 0.275, "time/total": 287.98467683792114, "time/evaluation": 6.942770957946777, "training/train_loss_mean": 1.7525938820838929, "training/train_loss_std": 0.06389090139130792, "training/action_error": 4.087500095367432, "_timestamp": 1700840095.3267329, "_runtime": 286.824346780777, "_step": 19, "_wandb": {"runtime": 286}}