{"time/training": 7.261718988418579, "training/train_accuracy": 0.3052482008934021, "evaluation/target_100_eval_action_error": 122.175, "evaluation/target_100_overall_return_mean": 70.38888888888887, "evaluation/target_100_overall_return_std": 5.938934410278008, "evaluation/target_100_length_mean": 100.0, "evaluation/target_100_length_std": 0.0, "evaluation/target_100_overall_accuracy_mean": 0.2805, "time/total": 153.54840230941772, "time/evaluation": 7.206041097640991, "training/train_loss_mean": 1.8381471645832062, "training/train_loss_std": 0.06083162778236105, "training/action_error": 3.942122220993042, "_timestamp": 1700839666.9540477, "_runtime": 152.40336561203003, "_step": 9, "_wandb": {"runtime": 151}}