{"time/training": 95.7238450050354, "evaluation/target_500_eval_action_error": NaN, "evaluation/target_500_overall_return_mean": 339.85, "evaluation/target_500_overall_return_std": 15.626979874563094, "evaluation/target_500_length_mean": 100.0, "evaluation/target_500_length_std": 0.0, "evaluation/target_350.0_eval_action_error": NaN, "evaluation/target_350.0_overall_return_mean": 343.05, "evaluation/target_350.0_overall_return_std": 9.699097896196326, "evaluation/target_350.0_length_mean": 100.0, "evaluation/target_350.0_length_std": 0.0, "time/total": 451.35168743133545, "time/evaluation": 134.09363412857056, "training/train_loss_mean": 180.90664405822753, "training/train_loss_std": 33.66921494196627, "training/action_error": 204.23175048828125, "_timestamp": 1702560700.981345, "_runtime": 449.7847318649292, "_step": 1, "_wandb": {"runtime": 520}}