{"evaluation/target_100_overall_accuracy_mean": "0.1630", "evaluation/target_100_eval_action_error": 273.3375, "time/evaluation": 8.83623456954956, "training/train_loss_std": 0.021625231793422548, "_runtime": 88.70906162261963, "evaluation/target_100_length_mean": 100.0, "evaluation/target_100_overall_return_std": 3.176561382875193, "_timestamp": 1700834532.6719759, "training/train_accuracy": "0.1860", "training/action_error": 8.832237243652344, "training/train_loss_mean": 2.226760649681091, "_step": 9, "evaluation/target_100_overall_return_mean": 57.309259259259235, "evaluation/target_100_length_std": 0.0, "time/total": 85.46294951438904, "time/training": 0.8066730499267578}
