{"time/training": 23.243098258972168, "training/train_accuracy": 0.255677193403244, "evaluation/target_100_eval_action_error": 159.4125, "evaluation/target_100_overall_return_mean": 67.75, "evaluation/target_100_overall_return_std": 9.29330930567457, "evaluation/target_100_length_mean": 100.0, "evaluation/target_100_length_std": 0.0, "evaluation/target_100_overall_accuracy_mean": 0.2855, "evaluation/target_100_target_actions": [4.0, 3.0, 3.0, 3.0, 4.0, 2.5, 2.5, 3.0, 5.0, 1.5, 2.0, 4.0, 4.0, 3.5, 5.0, 3.0, 1.0, 0.5, 1.0, 2.5, 3.5, 1.0, 4.5, 2.0, 3.0, 3.5, 3.0, 2.5, 2.0, 4.5, 3.0, 4.5, 2.0, 3.0, 3.5, 3.0, 4.0, 4.0, 1.5, 2.0, 3.0, 3.5, 4.0, 3.5, 4.0, 1.0, 3.0, 2.5, 4.5, 3.0, 3.0, 3.5, 2.5, 2.0, 2.5, 3.0, 3.0, 4.0, 3.5, 3.5, 3.0, 4.0, 3.5, 3.5, 2.5, 4.0, 4.0, 4.0, 4.0, 3.0, 2.0, 3.5, 1.0, 2.0, 4.0, 2.0, 2.0, 2.0, 4.5, 4.5, 5.0, 4.0, 4.0, 3.5, 1.0, 1.0, 2.0, 4.0, 3.0, 4.0, 4.0, 4.0, 3.5, 4.0, 1.5, 1.5, 4.0, 2.5, 5.0, 3.5], "evaluation/target_100_pred_actions": [4.0, 3.0, 4.0, 3.0, 4.0, 3.0, 4.0, 4.0, 5.0, 4.0, 5.0, 5.0, 4.0, 4.0, 4.0, 4.0, 5.0, 3.0, 4.0, 4.0, 4.0, 4.0, 4.0, 4.0, 4.0, 4.0, 4.0, 4.0, 4.0, 4.0, 4.0, 4.0, 4.0, 4.0, 4.0, 3.0, 4.0, 4.0, 3.0, 4.0, 4.0, 4.0, 4.0, 4.0, 3.0, 4.0, 4.0, 4.0, 4.0, 4.0, 4.0, 4.0, 4.0, 3.0, 4.0, 3.0, 4.0, 4.0, 4.0, 4.0, 4.0, 4.0, 4.0, 4.0, 3.0, 4.0, 4.0, 5.0, 4.0, 4.0, 4.0, 4.0, 4.0, 4.0, 4.0, 4.0, 4.0, 4.0, 4.0, 4.0, 4.0, 4.0, 3.0, 4.0, 4.0, 4.0, 3.0, 4.0, 3.0, 4.0, 4.0, 3.0, 3.0, 4.0, 4.0, 4.0, 4.0, 5.0, 4.0, 4.0], "time/total": 63.52456998825073, "time/evaluation": 8.056531190872192, "training/train_loss_mean": 1.9975284821987151, "training/train_loss_std": 0.05247101067989781, "training/action_error": 4.510913372039795, "_timestamp": 1701340191.0476582, "_runtime": 62.08982014656067, "_step": 1, "_wandb": {"runtime": 73}}