{"time/training": 0.7552320957183838, "training/train_accuracy": 0, "evaluation/target_100_eval_action_error": 343.6, "evaluation/target_100_overall_return_mean": 51.501234567901214, "evaluation/target_100_overall_return_std": 2.8940689023875166, "evaluation/target_100_length_mean": 100.0, "evaluation/target_100_length_std": 0.0, "evaluation/target_100_overall_accuracy_mean": 0.1265, "time/total": 87.36415696144104, "time/evaluation": 7.78743314743042, "training/train_loss_mean": 2.3528220415115357, "training/train_loss_std": 0.018783086384562258, "training/action_error": 14.627228736877441, "_timestamp": 1700837194.387139, "_runtime": 86.19555401802063, "_step": 9, "_wandb": {"runtime": 85}}